{
	"resources":
	[
		{
			"name":"e5m1_spear_patch2.resources"
		},
		{
			"name":"e5m1_spear_patch1.resources"
		},
		{
			"name":"e5m1_spear.resources"
		},		
		{
			"name":"e6m3_mcity_horde_patch1.resources",
		},
		{
			"name":"tutorial_demons.resources"
		},
		{
			"name":"pvp_shrapnel_patch1.resources"
		},
		{
			"name":"gameresources_6_1.streamdb",
			"placeBefore":true,
			"placeByName":"gameresources_2_1.streamdb"
		},
		{
			"name":"gameresources_0_6.streamdb",
			"placeBefore":true,
			"placeByName":"gameresources_2_1.streamdb"
		},
		{
			"name":"gameresources_1_8.streamdb",
			"placeBefore":true,
			"placeByName":"gameresources_2_1.streamdb"
		},
		{
			"name":"gameresources_2_2.streamdb",
			"placeBefore":true,
			"placeByName":"gameresources_2_1.streamdb"
		},
		{
			"name":"gameresources_3_2.streamdb",
			"placeBefore":true,
			"placeByName":"gameresources_2_1.streamdb"
		},
		{
			"name":"gameresources_4_3.streamdb",
			"placeBefore":true,
			"placeByName":"gameresources_2_1.streamdb"
		},
		{
			"name":"gameresources_5_3.streamdb",
			"placeBefore":true,
			"placeByName":"gameresources_2_1.streamdb"
		},
		{
			"name":"gameresources_6_2.streamdb",
			"placeBefore":true,
			"placeByName":"gameresources_2_1.streamdb"
		}
	],
	"assets":
	[	
		{
			"name":"hud/dreadknight_player_1",
			"mapResourceType":"notification"
		},			
		{
			"name":"hud/dreadknight_player_2",
			"mapResourceType":"notification"
		},			
		{
			"name":"hud/dreadknight_player_3",
			"mapResourceType":"notification"
		},		
		{
			"name":"hud/redacted_start",
			"mapResourceType":"notification"
		},				
		{
			"name":"hud/marauder_player_1",
			"mapResourceType":"notification"
		},			
		{
			"name":"hud/marauder_player_2",
			"mapResourceType":"notification"
		},			
		{
			"name":"hud/marauder_player_3",
			"mapResourceType":"notification"
		},		
		{
			"name":"hud/mancubus_player_1",
			"mapResourceType":"notification"
		},			
		{
			"name":"hud/mancubus_player_2",
			"mapResourceType":"notification"
		},			
		{
			"name":"hud/mancubus_player_3",
			"mapResourceType":"notification"
		},		
		{
			"name":"hud/revenant_player_1",
			"mapResourceType":"notification"
		},		
		{
			"name":"hud/revenant_player_2",
			"mapResourceType":"notification"
		},		
		{
			"name":"hud/revenant_player_3",
			"mapResourceType":"notification"
		},		
		{
			"name":"hud/pain_player_1",
			"mapResourceType":"notification"
		},		
		{
			"name":"hud/pain_player_2",
			"mapResourceType":"notification"
		},		
		{
			"name":"hud/pain_player_3",
			"mapResourceType":"notification"
		},		
		{
			"name":"hud/secret_encounter_1_done",
			"mapResourceType":"notification"
		},		
		{
			"name":"hud/secret_encounter_2_done",
			"mapResourceType":"notification"
		},			
		{
			"name":"hud/troll_encounter_1",
			"mapResourceType":"notification"
		},		
		{
			"name":"hud/troll_encounter_2",
			"mapResourceType":"notification"
		},		
		{
			"name":"hud/troll_encounter_3",
			"mapResourceType":"notification"
		},
		{
			"name":"hud/troll_encounter_4",
			"mapResourceType":"notification"
		},		
		{
			"name":"hud/troll_encounter_5",
			"mapResourceType":"notification"
		}		
	]
}