{
  "strings":
  [
    {
      "name": "#str_code_mainmenu_play_online_name",
      "text": "CO-OP SURVIVAL",
    },
	{
      "name": "#str_decl_live_tile_battlemode_2_0_header",
      "text": "CO-OP SURVIVAL",
    },
	{
      "name": "#str_code__GHOST31007",
      "text": "CO-OP SURVIVAL",
    },
	{
      "name": "#str_code_mainmenu_battle_arena_name",
      "text": "CO-OP SURVIVAL",
    },
	{
      "name": "#str_code_settings_battlemode",
      "text": "CO-OP SURVIVAL",
    },
	{
      "name": "#str_code_settings_battlemode_title_GHOST55161",
      "text": "CO-OP SURVIVAL",
    },
	{
      "name": "#str_code_settings_section_battlemode",
      "text": "CO-OP SURVIVAL",
    },
	{
      "name": "#str_decl_mapinfo_skybox_8_title_GHOST57428",
      "text": "CO-OP SURVIVAL",
    },
	{
      "name": "#str_decl_pvp_battlemode_name_GHOST54272",
      "text": "CO-OP SURVIVAL",
    },
	{
      "name": "#str_swf_bethnet_infotile1_header_GHOST67931",
      "text": "CO-OP SURVIVAL",
    },	
	{
      "name": "#str_decl_mapinfo_hub_name",
      "text": "The Ripatorium",
    },	
	{
      "name": "#str_decl_mapinfo_e1m1_name",
      "text": "Hell on Earth - Metro Station",
    },		
	{
      "name": "#str_decl_mapinfo_e1m2_name",
      "text": "Exultia - Portal of Evocation",
    },		
	{
      "name": "#str_decl_mapinfo_e1m3_name",
      "text": "Cultist Base - Revenant Possession Arena",
    },		
	{
      "name": "#str_decl_mapinfo_e1m4_name",
      "text": "DOOM Hunter Base - Boss Arena",
    },		
	{
      "name": "#str_decl_mapinfo_e2m1_name",
      "text": "Super Gore Nest - Vermillion Canal",
    },		
	{
      "name": "#str_decl_mapinfo_e2m2_name",
      "text": "ARC Complex - IDFK what this arena is called",
    },	
	{
      "name": "#str_decl_mapinfo_e2m3_name",
      "text": "Mars Core - The Lost City of Hebeth",
    },	
	{
      "name": "#str_decl_mapinfo_e3m1_name",
      "text": "Taras Nabad - Crucible Arena",
    },	
	{
      "name": "#str_decl_mapinfo_e3m2_name",
      "text": "Nekravol - Halls of Torment",
    },	
	{
      "name": "#str_decl_mapinfo_e3m2_b_name",
      "text": "Nekravol Part 2 - Demon Foundry",
    },	
	{
      "name": "#str_decl_mapinfo_e3m3_name",
      "text": "Urdak - Boss Arena",
    },	
	{
      "name": "#str_decl_mapinfo_e3m4_name",
      "text": "Final Sin - Oriion, Inc. Building",
    },	
	{
      "name": "#str_play_vo_MP_ANNOUNCER__Round_one_GHOST34875",
      "text": "GET PSYCHED",
    },
  ]
}