{
	"resources":[
		{
			"name":"e5m1_spear_patch2.resources"
		},
		{
			"name":"e5m1_spear_patch1.resources"
		},
		{
			"name":"e5m1_spear.resources"
		},		
		{
			"name":"pvp_sideswipe_patch1.resources"
		},	
		{
			"name":"pvp_sideswipe.resources"
		},
		{
			"name":"gameresources_6_2.streamdb",
			"placeBefore":true,
			"placeByName":"gameresources_2_2.streamdb"
		},		
		{
			"name":"gameresources_6_1.streamdb",
			"placeBefore":true,
			"placeByName":"gameresources_2_2.streamdb"
		},		
		{
			"name":"gameresources_7_1.streamdb",
			"placeBefore":true,
			"placeByName":"gameresources_2_2.streamdb"
		},			
		{
			"name":"gameresources_0_8.streamdb",
			"placeBefore":true,
			"placeByName":"gameresources_2_2.streamdb"
		},		
		{
			"name":"gameresources_1_11.streamdb",
			"placeBefore":true,
			"placeByName":"gameresources_2_2.streamdb"
		},		
		{
			"name":"gameresources_2_3.streamdb",
			"placeBefore":true,
			"placeByName":"gameresources_2_2.streamdb"
		},	
		{
			"name":"gameresources_3_3.streamdb",
			"placeBefore":true,
			"placeByName":"gameresources_2_2.streamdb"
		},		
		{
			"name":"gameresources_5_3.streamdb",
			"placeBefore":true,
			"placeByName":"gameresources_2_2.streamdb"
		},		
		{
			"name":"gameresources_6_3.streamdb",
			"placeBefore":true,
			"placeByName":"gameresources_2_2.streamdb"
		}
	],
	"assets":
	[
		{
			"name":"maps/prefabs/music/info_music_state_switch",
			"mapResourceType":"logicentity"
		}
	]
}