{
	"resources":
	[
		{
			"name":"e5m1_spear_patch2.resources"
		},
		{
			"name":"e5m1_spear_patch1.resources"
		},
		{
			"name":"e5m1_spear.resources"
		},		
		{
			"name":"pvp_sideswipe_patch1.resources"
		},	
		{
			"name":"pvp_sideswipe.resources"
		},
		{
			"name":"gameresources_3_3.streamdb",
			"placeBefore":true,
			"placeByName":"gameresources_2_1.streamdb"
		},
		{
			"name":"gameresources_5_3.streamdb",
			"placeBefore":true,
			"placeByName":"gameresources_2_1.streamdb"
		},
		{
			"name":"gameresources_6_3.streamdb",
			"placeBefore":true,
			"placeByName":"gameresources_2_1.streamdb"
		}
	]
}