{
  "strings":
  [
    {
      "name": "#str_code_mainmenu_play_online_name",
      "text": "CO-OP",
    },
	{
      "name": "#str_decl_live_tile_battlemode_2_0_header",
      "text": "CO-OP",
    },
	{
      "name": "#str_code__GHOST31007",
      "text": "CO-OP",
    },
	{
      "name": "#str_code_mainmenu_battle_arena_name",
      "text": "CO-OP",
    },
	{
      "name": "#str_code_settings_battlemode",
      "text": "CO-OP",
    },
	{
      "name": "#str_code_settings_battlemode_title_GHOST55161",
      "text": "CO-OP",
    },
	{
      "name": "#str_code_settings_section_battlemode",
      "text": "CO-OP",
    },
	{
      "name": "#str_decl_mapinfo_skybox_8_title_GHOST57428",
      "text": "CO-OP",
    },
	{
      "name": "#str_decl_pvp_battlemode_name_GHOST54272",
      "text": "CO-OP",
    },
	{
      "name": "#str_swf_bethnet_infotile1_header_GHOST67931",
      "text": "CO-OP",
    },	
	{
      "name": "#str_decl_mapinfo_hub_name",
      "text": "The Ripatorium",
    },	
	{
      "name": "#str_play_vo_MP_ANNOUNCER__Round_one_GHOST34875",
      "text": "GET PSYCHED",
    },
	{
      "name": "#str_code_select_upgrade_GHOST30334",
      "text": "CONTINUE",
    },
	{
      "name": "#str_code_select_power_upgrade_GHOST30335",
      "text": "CONTINUE",
    },
	{
      "name": "#str_decl_pvp_upgrade_GHOST45268",
      "text": "Retry",
    },
	{
      "name": "#str_decl_pvp_upgrade_GHOST45269",
      "text": "When a player dies, they may opt to retry the level.",
    }
  ]
}