{
	"assets":
	[	
		{
			"name":"hud/dreadknight_player_1",
			"mapResourceType":"notification"
		},			
		{
			"name":"hud/dreadknight_player_2",
			"mapResourceType":"notification"
		},			
		{
			"name":"hud/dreadknight_player_3",
			"mapResourceType":"notification"
		},		
		{
			"name":"hud/redacted_start",
			"mapResourceType":"notification"
		},				
		{
			"name":"hud/marauder_player_1",
			"mapResourceType":"notification"
		},			
		{
			"name":"hud/marauder_player_2",
			"mapResourceType":"notification"
		},			
		{
			"name":"hud/marauder_player_3",
			"mapResourceType":"notification"
		},		
		{
			"name":"hud/mancubus_player_1",
			"mapResourceType":"notification"
		},			
		{
			"name":"hud/mancubus_player_2",
			"mapResourceType":"notification"
		},			
		{
			"name":"hud/mancubus_player_3",
			"mapResourceType":"notification"
		},		
		{
			"name":"hud/revenant_player_1",
			"mapResourceType":"notification"
		},		
		{
			"name":"hud/revenant_player_2",
			"mapResourceType":"notification"
		},		
		{
			"name":"hud/revenant_player_3",
			"mapResourceType":"notification"
		},		
		{
			"name":"hud/pain_player_1",
			"mapResourceType":"notification"
		},		
		{
			"name":"hud/pain_player_2",
			"mapResourceType":"notification"
		},		
		{
			"name":"hud/pain_player_3",
			"mapResourceType":"notification"
		},		
		{
			"name":"hud/secret_encounter_1_done",
			"mapResourceType":"notification"
		},		
		{
			"name":"hud/secret_encounter_2_done",
			"mapResourceType":"notification"
		},			
		{
			"name":"hud/troll_encounter_1",
			"mapResourceType":"notification"
		},		
		{
			"name":"hud/troll_encounter_2",
			"mapResourceType":"notification"
		},		
		{
			"name":"hud/troll_encounter_3",
			"mapResourceType":"notification"
		},
		{
			"name":"hud/troll_encounter_4",
			"mapResourceType":"notification"
		},		
		{
			"name":"hud/troll_encounter_5",
			"mapResourceType":"notification"
		}		
	]
}