{
	"resources":
	[
		{
			"name":"e6m3_mcity_horde_patch1.resources",
		}
	],
	"assets":
	[
		{
			"name":"hud/kill_marauders",
			"mapResourceType":"notification"
		},					
		{
			"name":"hud/redacted_start",
			"mapResourceType":"notification"
		},	
		{
			"name":"hud/marauder_player_1",
			"mapResourceType":"notification"
		},			
		{
			"name":"hud/marauder_player_2",
			"mapResourceType":"notification"
		},			
		{
			"name":"hud/marauder_player_3",
			"mapResourceType":"notification"
		},		
		{
			"name":"hud/mancubus_player_1",
			"mapResourceType":"notification"
		},			
		{
			"name":"hud/mancubus_player_2",
			"mapResourceType":"notification"
		},			
		{
			"name":"hud/mancubus_player_3",
			"mapResourceType":"notification"
		},		
		{
			"name":"hud/revenant_player_1",
			"mapResourceType":"notification"
		},		
		{
			"name":"hud/revenant_player_2",
			"mapResourceType":"notification"
		},		
		{
			"name":"hud/revenant_player_3",
			"mapResourceType":"notification"
		},		
		{
			"name":"hud/pain_player_1",
			"mapResourceType":"notification"
		},		
		{
			"name":"hud/pain_player_2",
			"mapResourceType":"notification"
		},		
		{
			"name":"hud/pain_player_3",
			"mapResourceType":"notification"
		},		
		{
			"name":"hud/secret_encounter_1_done",
			"mapResourceType":"notification"
		},		
		{
			"name":"hud/secret_encounter_2_done",
			"mapResourceType":"notification"
		},		
		{
			"name":"hud/secret_encounter_3_done",
			"mapResourceType":"notification"
		},		
		{
			"name":"hud/troll_encounter_1",
			"mapResourceType":"notification"
		},		
		{
			"name":"hud/troll_encounter_2",
			"mapResourceType":"notification"
		},		
		{
			"name":"hud/troll_encounter_3",
			"mapResourceType":"notification"
		},
		{
			"name":"hud/troll_encounter_4",
			"mapResourceType":"notification"
		},		
		{
			"name":"hud/troll_encounter_5",
			"mapResourceType":"notification"
		}		
	]
}