{
  "strings": [
 	{
      "name": "#str_decl_mainmenu_new_campaign_popup_title",
      "text": "Super Gore Nest - The Demon Possession Challenge"
    },
	{
      "name": "#str_decl_mainmenu_new_campaign_popup_message",
      "text": "\nA modification of the ^1Super Gore Nest Master Level^7\n that allows you to play as Battlemode demons.\n\n Some Battlemode experience is recommended,\n but not required, before playing this mod.\n\n Have fun!"
    },
	{	
      "name": "#str_notif_demon_possesion",
      "text": "YOU'RE NOW PLAYING AS"
    },			
	{
      "name": "#str_notif_demon_possesion2",
      "text": "IT'S DEMON TIME!"
    },		
	{
      "name": "#str_notif_demon_possesion3",
      "text": "GET PSYCHED!"
    },		
	{
      "name": "#str_notif_demon_possesion_marauder",
      "text": "THE MARAUDER"
    },	
	{
      "name": "#str_notif_demon_possesion_mancubus",
      "text": "THE MANCUBUS"
    },	
	{
      "name": "#str_notif_demon_possesion_revenant",
      "text": "THE REVENANT"
    },	
	{
      "name": "#str_notif_demon_possesion_painelemental",
      "text": "THE PAIN ELEMENTAL"
    },	
	{
      "name": "#str_notif_demon_possesion_archvile",
      "text": "no one will ever see this message ingame because i didn't add him in nor did i fix his abilities, how sad!"
    },		
	{
      "name": "#str_notif_demon_possesion_dreadknight",
      "text": "THE DREAD KNIGHT"
    },	
	{
      "name": "#str_notif_troll_encounter",
      "text": "WE DO A LITTLE TROLLING"
    },		
	{
      "name": "#str_notif_troll_encounter_1",
      "text": "UH OH!"
    },	
	{
      "name": "#str_notif_troll_encounter_2",
      "text": "GOTTEM"
    },		
	{
      "name": "#str_notif_troll_encounter_3",
      "text": "AW SHUCKS!"
    },		
	{
      "name": "#str_notif_troll_encounter_4",
      "text": "OH NO!"
    },	
	{
      "name": "#str_notif_troll_encounter_5",
      "text": "YIKES!"
    },	
	{
      "name": "#str_notif_secret_encounter_1",
      "text": "SECRET ENCOUNTER 1"
    },		
	{
      "name": "#str_notif_secret_encounter_2",
      "text": "SECRET ENCOUNTER 2"
    },		
	{
      "name": "#str_notif_redacted_unlock",
      "text": "NICE"
    },	
	{
      "name": "#str_notif_redacted_unlock_subtext",
      "text": "WONDER WHAT THAT THING DID"
    },	
	{
      "name": "#str_notif_redacted",
      "text": "ENDLESS RANDOMIZER"
    },		
	{
      "name": "#str_notif_redacted_sheesh",
      "text": "GOOD! GREAT! AWESOME! OUTSTANDING!"
    },		
	{
      "name": "#str_notif_redacted_sheesh_subtext",
      "text": "SO IT WASN'T ENDLESS AFTER ALL..."
    },	
  ]
}