{
	"resources":
	[
		{
			"name":"e5m1_spear_patch2.resources"
		},
		{
			"name":"e5m1_spear_patch1.resources"
		},
		{
			"name":"e5m1_spear.resources"
		},		
		{
			"name":"tutorial_demons.resources"
		},
		{
			"name":"gameresources_6_1.streamdb",
			"placeBefore":true,
			"placeByName":"gameresources_2_1.streamdb"
		},
		{
			"name":"gameresources_0_6.streamdb",
			"placeBefore":true,
			"placeByName":"gameresources_2_1.streamdb"
		},
		{
			"name":"gameresources_1_8.streamdb",
			"placeBefore":true,
			"placeByName":"gameresources_2_1.streamdb"
		},
		{
			"name":"gameresources_2_2.streamdb",
			"placeBefore":true,
			"placeByName":"gameresources_2_1.streamdb"
		},
		{
			"name":"gameresources_3_2.streamdb",
			"placeBefore":true,
			"placeByName":"gameresources_2_1.streamdb"
		},
		{
			"name":"gameresources_4_3.streamdb",
			"placeBefore":true,
			"placeByName":"gameresources_2_1.streamdb"
		},
		{
			"name":"gameresources_5_3.streamdb",
			"placeBefore":true,
			"placeByName":"gameresources_2_1.streamdb"
		},
		{
			"name":"gameresources_6_2.streamdb",
			"placeBefore":true,
			"placeByName":"gameresources_2_1.streamdb"
		}
	]
}